Site identification,Year,Diver identication,Transect,Average depth (ft),Species code,Count ,Survey type
Identification du site,Année,Identifcation du plongeur,Transect,Profondeur moyenne (pieds),Code de l’espèce,Dénombrement,Type de relevé
EBK,2008,2,1,,BLRO,18,2 diver
EBK,2008,2,1,,CORO,5,2 diver
EBK,2008,2,1,,CHRO,1,2 diver
EBK,2008,2,1,,KEGR,1,2 diver
EBK,2008,2,1,,PIPE,1,2 diver
EBK,2008,2,1,,YOYBLYE,27,2 diver
EBK,2008,4,1,,BLRO,22,2 diver
EBK,2008,4,1,,CHRO,1,2 diver
EBK,2008,4,1,,CORO,6,2 diver
EBK,2008,4,1,,KEGR,4,2 diver
EBK,2008,4,1,,YOYBLYE,1,2 diver
EBK,2008,2,2,,BLRO,31,2 diver
EBK,2008,2,2,,CORO,31,2 diver
EBK,2008,2,2,,KEGR,2,2 diver
EBK,2008,2,2,,KEPE,2,2 diver
EBK,2008,2,2,,PIPE,1,2 diver
EBK,2008,2,2,,STPE,6,2 diver
EBK,2008,2,2,,TUBE,101,2 diver
EBK,2008,2,2,,YOYBLYE,47,2 diver
EBK,2008,4,2,,BLRO,9,2 diver
EBK,2008,4,2,,CORO,7,2 diver
EBK,2008,4,2,,KEGR,4,2 diver
EBK,2008,4,2,,PIPE,1,2 diver
EBK,2008,4,2,,STPE,2,2 diver
EBK,2008,4,2,,TUBE,22,2 diver
EBK,2008,4,2,,YOYBLYE,69,2 diver
EBK,2008,1,3,,YOYCOQU,1,2 diver
EBK,2008,1,3,,CORO,2,2 diver
EBK,2008,1,3,,KEPE,10,2 diver
EBK,2008,1,3,,LING,1,2 diver
EBK,2008,1,3,,YOYBLYE,37,2 diver
EBK,2008,4,3,,CORO,2,2 diver
EBK,2008,4,3,,KEGR,1,2 diver
EBK,2008,4,3,,KEPE,1,2 diver
EBK,2008,4,3,,LING,1,2 diver
EBK,2008,4,3,,SHPE,10,2 diver
EBK,2008,4,3,,STPE,2,2 diver
EBK,2008,4,3,,YOYBLYE,21,2 diver
EBK,2008,1,4,,BLRO,2,2 diver
EBK,2008,1,4,,CORO,12,2 diver
EBK,2008,1,4,,KEGR,5,2 diver
EBK,2008,1,4,,KEPE,1,2 diver
EBK,2008,1,4,,PIPE,1,2 diver
EBK,2008,1,4,,SHPE,1,2 diver
EBK,2008,1,4,,STPE,5,2 diver
EBK,2008,1,4,,YOYBLYE,18,2 diver
EBK,2008,4,4,,KEPE,7,2 diver
EBK,2008,4,4,,SHPE,1,2 diver
EBK,2008,4,4,,STPE,2,2 diver
EBK,2008,4,4,,YOYBLYE,9,2 diver
HIK,2008,1,1,,YOYBLYE,13,2 diver
HIK,2008,1,1,,BRRO,1,2 diver
HIK,2008,1,1,,KEPE,10,2 diver
HIK,2008,1,1,,CORO,4,2 diver
HIK,2008,1,1,,KEGR,2,2 diver
HIK,2008,1,1,,TUBE,42,2 diver
HIK,2008,1,1,,PIPE,6,2 diver
HIK,2008,2,1,,BRRO,2,2 diver
HIK,2008,2,1,,KEPE,16,2 diver
HIK,2008,2,1,,PIPE,3,2 diver
HIK,2008,2,1,,SHPE,33,2 diver
HIK,2008,2,1,,TUBE,42,2 diver
HIK,2008,2,1,,KEGR,2,2 diver
HIK,2008,2,1,,YOYBLYE,9,2 diver
HIK,2008,1,2,,BLRO,4,2 diver
HIK,2008,1,2,,CORO,4,2 diver
HIK,2008,1,2,,KEGR,3,2 diver
HIK,2008,1,2,,STPE,1,2 diver
HIK,2008,1,2,,YOYBLYE,26,2 diver
HIK,2008,2,2,,BLRO,30,2 diver
HIK,2008,2,2,,CORO,6,2 diver
HIK,2008,2,2,,KEGR,2,2 diver
HIK,2008,2,2,,KEPE,35,2 diver
HIK,2008,2,2,,SHPE,70,2 diver
HIK,2008,2,2,,PIPE,1,2 diver
HIK,2008,2,2,,YERO,2,2 diver
HIK,2008,2,2,,YOYBLYE,1,2 diver
HIK,2008,1,3,,CORO,2,2 diver
HIK,2008,1,3,,KEGR,5,2 diver
HIK,2008,1,3,,KEPE,14,2 diver
HIK,2008,1,3,,PIPE,1,2 diver
HIK,2008,1,3,,YOYBLYE,31,2 diver
HIK,2008,2,3,,BLRO,62,2 diver
HIK,2008,2,3,,CORO,4,2 diver
HIK,2008,2,3,,KEGR,1,2 diver
HIK,2008,2,3,,KEPE,2,2 diver
HIK,2008,2,3,,YOYBLYE,44,2 diver
HIK,2008,2,3,,YERO,1,2 diver
HIK,2008,1,4,,KEGR,1,2 diver
HIK,2008,1,4,,KEPE,5,2 diver
HIK,2008,1,4,,PIPE,1,2 diver
HIK,2008,1,4,,REIL,1,2 diver
HIK,2008,1,4,,TUBE,120,2 diver
HIK,2008,1,4,,YOYBLYE,9,2 diver
HIK,2008,2,4,,CORO,3,2 diver
HIK,2008,2,4,,KEGR,1,2 diver
HIK,2008,2,4,,LING,1,2 diver
HIK,2008,2,4,,PIPE,1,2 diver
HIK,2008,2,4,,SHPE,23,2 diver
IHK,2008,2,1,,CORO,2,2 diver
IHK,2008,2,1,,KEGR,4,2 diver
IHK,2008,2,1,,KEPE,4,2 diver
IHK,2008,2,1,,PIPE,5,2 diver
IHK,2008,2,1,,STPE,1,2 diver
IHK,2008,2,1,,YOYBLYE,17,2 diver
IHK,2008,4,1,,BLRO,1,2 diver
IHK,2008,4,1,,CORO,1,2 diver
IHK,2008,4,1,,KEGR,14,2 diver
IHK,2008,4,1,,PIPE,5,2 diver
IHK,2008,4,1,,SHPE,2,2 diver
IHK,2008,4,1,,YOYBLYE,37,2 diver
IHK,2008,2,2,,YOYCOQU,1,2 diver
IHK,2008,2,2,,KEGR,13,2 diver
IHK,2008,2,2,,KEPE,3,2 diver
IHK,2008,2,2,,LING,1,2 diver
IHK,2008,4,2,,CORO,1,2 diver
IHK,2008,4,2,,KEGR,17,2 diver
IHK,2008,4,2,,KEPE,9,2 diver
IHK,2008,4,2,,YOYBLYE,3,2 diver
IHK,2008,1,3,,YOYCOQU,6,2 diver
IHK,2008,1,3,,KEGR,10,2 diver
IHK,2008,1,3,,KEPE,1,2 diver
IHK,2008,1,3,,LING,3,2 diver
IHK,2008,1,3,,YOYBLYE,1,2 diver
IHK,2008,4,3,,KEGR,15,2 diver
IHK,2008,4,3,,LING,5,2 diver
IHK,2008,4,3,,SHPE,20,2 diver
IHK,2008,4,3,,TUBE,40,2 diver
IHK,2008,4,3,,YOYBLYE,15,2 diver
IHK,2008,1,4,,YOYCOQU,52,2 diver
IHK,2008,1,4,,KEGR,5,2 diver
IHK,2008,1,4,,SHPE,85,2 diver
IHK,2008,1,4,,TUBE,1,2 diver
IHK,2008,1,4,,YOYBLYE,14,2 diver
IHK,2008,4,4,,KEGR,6,2 diver
IHK,2008,4,4,,LING,2,2 diver
IHK,2008,4,4,,SHPE,80,2 diver
IHK,2008,4,4,,YOYBLYE,52,2 diver
TK  ,2008,1,1,20,BLRO,5,2 diver
TK  ,2008,1,1,20,CORO,1,2 diver
TK  ,2008,1,1,20,KEGR,3,2 diver
TK  ,2008,1,1,20,PIPE,10,2 diver
TK  ,2008,1,1,20,SHPE,140,2 diver
TK  ,2008,1,1,20,STPE,2,2 diver
TK  ,2008,1,1,20,YOYBLYE,5,2 diver
TK  ,2008,4,1,20,YOYBLYE,10,2 diver
TK  ,2008,4,1,20,BLRO,21,2 diver
TK  ,2008,4,1,20,KEGR,4,2 diver
TK  ,2008,4,1,20,PIPE,16,2 diver
TK  ,2008,4,1,20,SHPE,2,2 diver
TK  ,2008,1,2,19,BLRO,5,2 diver
TK  ,2008,1,2,19,CORO,1,2 diver
TK  ,2008,1,2,19,YOYCOQU,3,2 diver
TK  ,2008,1,2,19,KEPE,2,2 diver
TK  ,2008,1,2,19,STPE,2,2 diver
TK  ,2008,1,2,19,YERO,1,2 diver
TK  ,2008,1,2,19,YOYBLYE,29,2 diver
TK  ,2008,4,2,19,BLRO,15,2 diver
TK  ,2008,4,2,19,YOYBLYE,2,2 diver
TK  ,2008,4,2,19,PIPE,3,2 diver
TK  ,2008,4,2,19,SHPE,6,2 diver
TK  ,2008,4,2,19,STPE,2,2 diver
TK  ,2008,1,3,13,YOYCOQU,5,2 diver
TK  ,2008,1,3,13,KEGR,7,2 diver
TK  ,2008,1,3,13,KEPE,2,2 diver
TK  ,2008,1,3,13,PIPE,1,2 diver
TK  ,2008,1,3,13,SHPE,107,2 diver
TK  ,2008,1,3,13,STPE,3,2 diver
TK  ,2008,1,3,13,TUBE,16,2 diver
TK  ,2008,1,3,13,YOYBLYE,15,2 diver
TK  ,2008,4,3,13,BLRO,2,2 diver
TK  ,2008,4,3,13,CORO,2,2 diver
TK  ,2008,4,3,13,YOYCOQU,4,2 diver
TK  ,2008,4,3,13,KEGR,10,2 diver
TK  ,2008,4,3,13,KEPE,1,2 diver
TK  ,2008,4,3,13,LING,1,2 diver
TK  ,2008,4,3,13,PIPE,1,2 diver
TK  ,2008,4,3,13,SHPE,3,2 diver
TK  ,2008,4,3,13,STPE,2,2 diver
TK  ,2008,4,3,13,TUBE,10,2 diver
TK  ,2008,4,3,13,YOYBLYE,4,2 diver
TK  ,2008,1,4,16,BLRO,1,2 diver
TK  ,2008,1,4,16,YOYCOQU,1,2 diver
TK  ,2008,1,4,16,KEGR,3,2 diver
TK  ,2008,1,4,16,KEPE,11,2 diver
TK  ,2008,1,4,16,PAGR,1,2 diver
TK  ,2008,1,4,16,PIPE,25,2 diver
TK  ,2008,1,4,16,SHPE,50,2 diver
TK  ,2008,1,4,16,STPE,9,2 diver
TK  ,2008,1,4,16,YOYBLYE,10,2 diver
TK  ,2008,4,4,16,BLRO,3,2 diver
TK  ,2008,4,4,16,KEGR,7,2 diver
TK  ,2008,4,4,16,PIPE,21,2 diver
TK  ,2008,4,4,16,SHPE,2,2 diver
TK  ,2008,4,4,16,STPE,9,2 diver
EBK,2009,1,1,18,BLRO,31,2 diver
EBK,2009,1,1,18,CORO,20,2 diver
EBK,2009,1,1,18,YOYCOQU,1,2 diver
EBK,2009,1,1,18,KEGR,3,2 diver
EBK,2009,1,1,18,KEPE,14,2 diver
EBK,2009,1,1,18,PIPE,2,2 diver
EBK,2009,1,1,18,QURO,3,2 diver
EBK,2009,1,1,18,YOYBLYE,26,2 diver
EBK,2009,2,1,18,YOYCOQU,1,2 diver
EBK,2009,2,1,18,CORO,26,2 diver
EBK,2009,2,1,18,KEGR,3,2 diver
EBK,2009,2,1,18,KEPE,11,2 diver
EBK,2009,2,1,18,PIPE,1,2 diver
EBK,2009,2,1,18,YOYBLYE,80,2 diver
EBK,2009,2,1,18,YERO,3,2 diver
EBK,2009,2,1,18,BLRO,2,2 diver
EBK,2009,1,2,19,BLRO,16,2 diver
EBK,2009,1,2,19,CHRO,1,2 diver
EBK,2009,1,2,19,CORO,11,2 diver
EBK,2009,1,2,19,KEGR,5,2 diver
EBK,2009,1,2,19,KEPE,16,2 diver
EBK,2009,1,2,19,QURO,2,2 diver
EBK,2009,1,2,19,YOYBLYE,6,2 diver
EBK,2009,1,2,19,YOYCOQU,10,2 diver
EBK,2009,2,2,19,BLRO,6,2 diver
EBK,2009,2,2,19,CHRO,2,2 diver
EBK,2009,2,2,19,CORO,23,2 diver
EBK,2009,2,2,19,KEGR,4,2 diver
EBK,2009,2,2,19,KEPE,8,2 diver
EBK,2009,2,2,19,QURO,1,2 diver
EBK,2009,2,2,19,YOYBLYE,7,2 diver
EBK,2009,1,3,26,BLRO,24,2 diver
EBK,2009,1,3,26,CORO,17,2 diver
EBK,2009,1,3,26,KEGR,3,2 diver
EBK,2009,1,3,26,KEPE,7,2 diver
EBK,2009,1,3,26,LING,1,2 diver
EBK,2009,1,3,26,PAGR,1,2 diver
EBK,2009,1,3,26,PIPE,2,2 diver
EBK,2009,1,3,26,QURO,1,2 diver
EBK,2009,1,3,26,STPE,1,2 diver
EBK,2009,1,3,26,YOYCOQU,25,2 diver
EBK,2009,1,3,26,YOYBLYE,22,2 diver
EBK,2009,2,3,26,CORO,17,2 diver
EBK,2009,2,3,26,KEGR,9,2 diver
EBK,2009,2,3,26,KEPE,13,2 diver
EBK,2009,2,3,26,STPE,2,2 diver
EBK,2009,1,4,22,CORO,15,2 diver
EBK,2009,1,4,22,KEGR,12,2 diver
EBK,2009,1,4,22,KEPE,11,2 diver
EBK,2009,1,4,22,QURO,9,2 diver
EBK,2009,2,4,22,BLRO,9,2 diver
EBK,2009,2,4,22,CORO,10,2 diver
EBK,2009,2,4,22,KEGR,10,2 diver
EBK,2009,2,4,22,KEPE,8,2 diver
HIK,2009,1,1,30,CORO,2,2 diver
HIK,2009,1,1,30,KEGR,1,2 diver
HIK,2009,1,1,30,KEPE,11,2 diver
HIK,2009,1,1,30,PIPE,1,2 diver
HIK,2009,1,1,30,YOYBLYE,15,2 diver
HIK,2009,2,1,30,CORO,1,2 diver
HIK,2009,2,1,30,KEGR,1,2 diver
HIK,2009,2,1,30,KEPE,3,2 diver
HIK,2009,2,1,30,YERO,17,2 diver
HIK,2009,1,2,34,CORO,3,2 diver
HIK,2009,1,2,34,KEGR,3,2 diver
HIK,2009,1,2,34,KEPE,3,2 diver
HIK,2009,2,2,34,CORO,1,2 diver
HIK,2009,2,2,34,KEGR,3,2 diver
HIK,2009,2,2,34,KEPE,9,2 diver
HIK,2009,2,2,34,PIPE,4,2 diver
HIK,2009,1,3,34,BLRO,1,2 diver
HIK,2009,1,3,34,CORO,1,2 diver
HIK,2009,1,3,34,KEGR,3,2 diver
HIK,2009,1,3,34,KEPE,2,2 diver
HIK,2009,1,3,34,SHPE,6,2 diver
HIK,2009,1,3,34,YOYBLYE,1,2 diver
HIK,2009,7,3,34,KEGR,6,2 diver
HIK,2009,7,3,34,KEPE,50,2 diver
HIK,2009,7,3,34,SHPE,45,2 diver
HIK,2009,1,4,29,BLRO,78,2 diver
HIK,2009,1,4,29,BRRO,2,2 diver
HIK,2009,1,4,29,CORO,14,2 diver
HIK,2009,1,4,29,KEGR,6,2 diver
HIK,2009,1,4,29,KEPE,2,2 diver
HIK,2009,1,4,29,PIPE,1,2 diver
HIK,2009,1,4,29,YOYBLYE,33,2 diver
HIK,2009,7,4,29,BLRO,59,2 diver
HIK,2009,7,4,29,CORO,15,2 diver
HIK,2009,7,4,29,KEGR,3,2 diver
HIK,2009,7,4,29,KEPE,3,2 diver
HIK,2009,7,4,29,PIPE,1,2 diver
HIK,2009,7,4,29,YERO,1,2 diver
HIK,2009,7,4,29,YOYBLYE,22,2 diver
IHK,2009,1,1,20,CORO,1,2 diver
IHK,2009,1,1,20,KEGR,3,2 diver
IHK,2009,2,1,20,CORO,2,2 diver
IHK,2009,2,1,20,KEGR,1,2 diver
IHK,2009,2,1,20,YERO,1,2 diver
IHK,2009,1,2,29,NC,0,2 diver
IHK,2009,2,2,29,CORO,2,2 diver
IHK,2009,2,2,29,YERO,1,2 diver
IHK,2009,1,3,24,BLRO,3,2 diver
IHK,2009,1,3,24,CORO,11,2 diver
IHK,2009,1,3,24,KEGR,4,2 diver
IHK,2009,1,3,24,KEPE,3,2 diver
IHK,2009,1,3,24,PIPE,1,2 diver
IHK,2009,1,3,24,YERO,1,2 diver
IHK,2009,1,3,24,YOYBLYE,20,2 diver
IHK,2009,2,3,24,CORO,1,2 diver
IHK,2009,2,3,24,KEGR,11,2 diver
IHK,2009,2,3,24,KEPE,3,2 diver
IHK,2009,2,3,24,PIPE,4,2 diver
IHK,2009,2,3,24,YOYBLYE,4,2 diver
IHK,2009,1,4,22,CORO,2,2 diver
IHK,2009,1,4,22,KEGR,9,2 diver
IHK,2009,1,4,22,KEPE,61,2 diver
IHK,2009,2,4,22,CORO,5,2 diver
IHK,2009,2,4,22,KEGR,16,2 diver
IHK,2009,2,4,22,KEPE,35,2 diver
IHK,2009,2,4,22,PIPE,2,2 diver
TK  ,2009,1,1,20,BLRO,33,2 diver
TK  ,2009,1,1,20,CORO,21,2 diver
TK  ,2009,1,1,20,YOYCOQU,15,2 diver
TK  ,2009,1,1,20,KEGR,7,2 diver
TK  ,2009,1,1,20,KEPE,20,2 diver
TK  ,2009,1,1,20,LING,1,2 diver
TK  ,2009,1,1,20,PIPE,1,2 diver
TK  ,2009,1,1,20,STPE,2,2 diver
TK  ,2009,1,1,20,YOYR,1,2 diver
TK  ,2009,7,1,20,BLRO,18,2 diver
TK  ,2009,7,1,20,CORO,14,2 diver
TK  ,2009,7,1,20,YOYCOQU,30,2 diver
TK  ,2009,7,1,20,KEGR,3,2 diver
TK  ,2009,7,1,20,KEPE,17,2 diver
TK  ,2009,7,1,20,PIPE,3,2 diver
TK  ,2009,1,2,25,CORO,7,2 diver
TK  ,2009,1,2,25,KEGR,2,2 diver
TK  ,2009,1,2,25,KEPE,12,2 diver
TK  ,2009,1,2,25,LING,1,2 diver
TK  ,2009,1,2,25,PIPE,1,2 diver
TK  ,2009,1,2,25,SHPE,9,2 diver
TK  ,2009,1,2,25,STPE,3,2 diver
TK  ,2009,1,2,25,YERO,12,2 diver
TK  ,2009,1,2,25,YOYCOQU,24,2 diver
TK  ,2009,7,2,25,BLRO,3,2 diver
TK  ,2009,7,2,25,CORO,27,2 diver
TK  ,2009,7,2,25,KEGR,2,2 diver
TK  ,2009,7,2,25,KEPE,7,2 diver
TK  ,2009,7,2,25,LING,1,2 diver
TK  ,2009,7,2,25,PIPE,1,2 diver
TK  ,2009,7,2,25,SHPE,7,2 diver
TK  ,2009,7,2,25,STPE,3,2 diver
TK  ,2009,7,2,25,YERO,8,2 diver
TK  ,2009,7,2,25,YOYCOQU,20,2 diver
TK  ,2009,1,3,15,BLRO,5,2 diver
TK  ,2009,1,3,15,CORO,5,2 diver
TK  ,2009,1,3,15,KEGR,6,2 diver
TK  ,2009,1,3,15,KEPE,6,2 diver
TK  ,2009,1,3,15,PIPE,2,2 diver
TK  ,2009,1,3,15,SHPE,1,2 diver
TK  ,2009,1,3,15,TUBE,200,2 diver
TK  ,2009,1,3,15,YERO,1,2 diver
TK  ,2009,1,3,15,YOYCOQU,40,2 diver
TK  ,2009,1,3,15,YOYR,1,2 diver
TK  ,2009,7,3,15,BLRO,14,2 diver
TK  ,2009,7,3,15,CORO,12,2 diver
TK  ,2009,7,3,15,KEGR,7,2 diver
TK  ,2009,7,3,15,KEPE,8,2 diver
TK  ,2009,7,3,15,PIPE,11,2 diver
TK  ,2009,7,3,15,STPE,11,2 diver
TK  ,2009,7,3,15,YOYCOQU,15,2 diver
TK  ,2009,1,4,17,BLRO,48,2 diver
TK  ,2009,1,4,17,CORO,17,2 diver
TK  ,2009,1,4,17,KEGR,9,2 diver
TK  ,2009,1,4,17,KEPE,9,2 diver
TK  ,2009,1,4,17,PIPE,9,2 diver
TK  ,2009,1,4,17,SHPE,2,2 diver
TK  ,2009,1,4,17,STPE,3,2 diver
TK  ,2009,1,4,17,YOYBLYE,1,2 diver
TK  ,2009,7,4,17,BLRO,30,2 diver
TK  ,2009,7,4,17,YOYBLYE,50,2 diver
TK  ,2009,7,4,17,CORO,4,2 diver
TK  ,2009,7,4,17,YOYCOQU,12,2 diver
TK  ,2009,7,4,17,KEGR,10,2 diver
TK  ,2009,7,4,17,KEPE,9,2 diver
TK  ,2009,7,4,17,PIPE,6,2 diver
TK  ,2009,7,4,17,SHPE,52,2 diver
TK  ,2009,7,4,17,STPE,1,2 diver
EBK,2010,1,1,22,BLRO,21,2 diver
EBK,2010,1,1,22,CORO,8,2 diver
EBK,2010,1,1,22,KEPE,15,2 diver
EBK,2010,1,1,22,PIPE,4,2 diver
EBK,2010,1,1,22,STPE,2,2 diver
EBK,2010,1,1,22,YOYBLYE,1,2 diver
EBK,2010,1,1,22,YERO,8,2 diver
EBK,2010,2,1,22,BLRO,5,2 diver
EBK,2010,2,1,22,CORO,2,2 diver
EBK,2010,2,1,22,KEGR,2,2 diver
EBK,2010,2,1,22,KEPE,5,2 diver
EBK,2010,2,1,22,PIPE,2,2 diver
EBK,2010,2,1,22,YOYBLYE,8,2 diver
EBK,2010,1,2,26,BLRO,1,2 diver
EBK,2010,1,2,26,CORO,2,2 diver
EBK,2010,1,2,26,KEGR,1,2 diver
EBK,2010,1,2,26,KEPE,13,2 diver
EBK,2010,1,2,26,PIPE,2,2 diver
EBK,2010,1,2,26,STPE,1,2 diver
EBK,2010,1,2,26,YOYBLYE,8,2 diver
EBK,2010,2,2,26,BLRO,2,2 diver
EBK,2010,2,2,26,CORO,1,2 diver
EBK,2010,2,2,26,KEGR,3,2 diver
EBK,2010,2,2,26,KEPE,12,2 diver
EBK,2010,2,2,26,LING,1,2 diver
EBK,2010,2,2,26,PIPE,5,2 diver
EBK,2010,2,2,26,YOYBLYE,40,2 diver
EBK,2010,7,3,31,PIPE,2,2 diver
EBK,2010,7,3,31,QURO,1,2 diver
EBK,2010,7,3,31,BRRO,1,2 diver
EBK,2010,7,3,31,CORO,4,2 diver
EBK,2010,7,3,31,KEPE,9,2 diver
EBK,2010,7,3,31,LING,1,2 diver
EBK,2010,7,3,31,STPE,2,2 diver
EBK,2010,7,3,31,YOYBLYE,10,2 diver
EBK,2010,4,3,31,CORO,1,2 diver
EBK,2010,4,3,31,KEGR,1,2 diver
EBK,2010,4,3,31,KEPE,14,2 diver
EBK,2010,4,3,31,PIPE,2,2 diver
EBK,2010,4,3,31,YOYBLYE,13,2 diver
EBK,2010,7,4,26,BLRO,1,2 diver
EBK,2010,7,4,26,CORO,1,2 diver
EBK,2010,7,4,26,KEGR,1,2 diver
EBK,2010,7,4,26,KEPE,8,2 diver
EBK,2010,7,4,26,PIPE,8,2 diver
EBK,2010,7,4,26,QURO,1,2 diver
EBK,2010,7,4,26,YOYBLYE,3,2 diver
EBK,2010,4,4,26,CORO,1,2 diver
EBK,2010,4,4,26,KEGR,3,2 diver
EBK,2010,4,4,26,KEPE,14,2 diver
EBK,2010,4,4,26,YOYBLYE,24,2 diver
HIK,2010,1,1,26,CORO,5,2 diver
HIK,2010,1,1,26,KEPE,1,2 diver
HIK,2010,1,1,26,YOYBLYE,5,2 diver
HIK,2010,2,1,26,CORO,6,2 diver
HIK,2010,2,1,26,KEGR,1,2 diver
HIK,2010,2,1,26,PIPE,2,2 diver
HIK,2010,2,1,26,STPE,4,2 diver
HIK,2010,2,1,26,YOYBLYE,24,2 diver
HIK,2010,1,2,18,CORO,6,2 diver
HIK,2010,1,2,18,KEGR,3,2 diver
HIK,2010,1,2,18,KEPE,5,2 diver
HIK,2010,2,2,18,BLRO,1,2 diver
HIK,2010,2,2,18,CORO,7,2 diver
HIK,2010,2,2,18,KEGR,5,2 diver
HIK,2010,2,2,18,KEPE,30,2 diver
HIK,2010,2,2,18,STPE,1,2 diver
HIK,2010,2,2,18,YOYBLYE,62,2 diver
HIK,2010,7,3,32,CORO,11,2 diver
HIK,2010,7,3,32,KEGR,2,2 diver
HIK,2010,7,3,32,PIPE,2,2 diver
HIK,2010,7,3,32,YOYBLYE,3,2 diver
HIK,2010,4,3,32,CORO,5,2 diver
HIK,2010,4,3,32,KEGR,4,2 diver
HIK,2010,4,3,32,KEPE,2,2 diver
HIK,2010,4,3,32,PIPE,3,2 diver
HIK,2010,4,3,32,YOYCOQU,1,2 diver
HIK,2010,7,4,26,CORO,5,2 diver
HIK,2010,7,4,26,PIPE,2,2 diver
HIK,2010,7,4,26,SHPE,5,2 diver
HIK,2010,4,4,26,BLRO,1,2 diver
HIK,2010,4,4,26,CORO,4,2 diver
HIK,2010,4,4,26,KEGR,2,2 diver
HIK,2010,4,4,26,KEPE,4,2 diver
HIK,2010,4,4,26,PIPE,2,2 diver
HIK,2010,4,4,26,STPE,2,2 diver
IHK,2010,7,1,32,CORO,1,2 diver
IHK,2010,7,1,32,KEGR,6,2 diver
IHK,2010,7,1,32,KEPE,1,2 diver
IHK,2010,7,1,32,SHPE,1,2 diver
IHK,2010,7,1,32,YOYBLYE,3,2 diver
IHK,2010,7,1,32,YERO,1,2 diver
IHK,2010,4,1,32,CORO,4,2 diver
IHK,2010,4,1,32,KEGR,1,2 diver
IHK,2010,4,1,32,YOYBLYE,20,2 diver
IHK,2010,7,2,26,CORO,1,2 diver
IHK,2010,7,2,26,KEGR,8,2 diver
IHK,2010,4,2,26,KEGR,5,2 diver
IHK,2010,1,3,22,CORO,2,2 diver
IHK,2010,1,3,22,KEGR,5,2 diver
IHK,2010,2,3,22,KEGR,7,2 diver
IHK,2010,1,4,26,YOYCOQU,1,2 diver
IHK,2010,1,4,26,CORO,1,2 diver
IHK,2010,1,4,26,KEGR,4,2 diver
IHK,2010,1,4,26,YOYBLYE,1,2 diver
IHK,2010,2,4,26,BLRO,1,2 diver
IHK,2010,2,4,26,KEGR,8,2 diver
IHK,2010,2,4,26,YOYBLYE,46,2 diver
IHK,2010,1,5,18,KEGR,2,2 diver
IHK,2010,1,5,18,WHGR,2,2 diver
IHK,2010,1,6,25,CORO,1,2 diver
IHK,2010,1,6,25,KEGR,14,2 diver
IHK,2010,1,6,25,QURO,1,2 diver
IHK,2010,1,6,25,WHGR,1,2 diver
TK  ,2010,1,1,20,BLRO,1,2 diver
TK  ,2010,1,1,20,CORO,5,2 diver
TK  ,2010,1,1,20,KEGR,1,2 diver
TK  ,2010,1,1,20,KEPE,27,2 diver
TK  ,2010,1,1,20,PIPE,10,2 diver
TK  ,2010,1,1,20,YOYBLYE,6,2 diver
TK  ,2010,2,1,20,BLRO,10,2 diver
TK  ,2010,2,1,20,CORO,6,2 diver
TK  ,2010,2,1,20,KEGR,2,2 diver
TK  ,2010,2,1,20,KEPE,5,2 diver
TK  ,2010,2,1,20,PIPE,8,2 diver
TK  ,2010,2,1,20,YOYBLYE,2,2 diver
TK  ,2010,1,2,16,BLRO,6,2 diver
TK  ,2010,1,2,16,BRRO,1,2 diver
TK  ,2010,1,2,16,CORO,5,2 diver
TK  ,2010,1,2,16,KEPE,12,2 diver
TK  ,2010,1,2,16,PIPE,2,2 diver
TK  ,2010,1,2,16,STPE,1,2 diver
TK  ,2010,1,2,16,YOYBLYE,3,2 diver
TK  ,2010,2,2,16,BLRO,6,2 diver
TK  ,2010,2,2,16,KEGR,3,2 diver
TK  ,2010,2,2,16,KEPE,11,2 diver
TK  ,2010,2,2,16,LING,1,2 diver
TK  ,2010,2,2,16,PIPE,2,2 diver
TK  ,2010,2,2,16,STPE,1,2 diver
TK  ,2010,2,2,16,YOYBLYE,14,2 diver
TK  ,2010,1,3,20,BLRO,5,2 diver
TK  ,2010,1,3,20,CORO,7,2 diver
TK  ,2010,1,3,20,KEGR,2,2 diver
TK  ,2010,1,3,20,PIPE,1,2 diver
TK  ,2010,1,3,20,STPE,2,2 diver
TK  ,2010,1,3,20,YERO,1,2 diver
TK  ,2010,1,3,20,YOYR ,11,2 diver
TK  ,2010,7,3,20,CORO,10,2 diver
TK  ,2010,7,3,20,KEGR,2,2 diver
TK  ,2010,7,3,20,KEPE,11,2 diver
TK  ,2010,7,3,20,STPE,2,2 diver
TK  ,2010,1,4,16,BLRO,5,2 diver
TK  ,2010,1,4,16,CORO,13,2 diver
TK  ,2010,1,4,16,KEGR,5,2 diver
TK  ,2010,1,4,16,KEPE,6,2 diver
TK  ,2010,1,4,16,PEGU,1,2 diver
TK  ,2010,1,4,16,PIPE,5,2 diver
TK  ,2010,1,4,16,STPE,2,2 diver
TK  ,2010,1,4,16,YOYBLYE,2,2 diver
TK  ,2010,7,4,16,CORO,4,2 diver
TK  ,2010,7,4,16,KEGR,8,2 diver
TK  ,2010,7,4,16,KEPE,5,2 diver
TK  ,2010,7,4,16,PIPE,2,2 diver
TK  ,2010,7,4,16,SHPE,1,2 diver
TK  ,2010,7,4,16,TUBE,1,2 diver
TK  ,2010,7,4,16,YOYBLYE,2,2 diver
EBK,2011,1,1,20,KEGR,1,2 diver
EBK,2011,1,1,20,KEPE,2,2 diver
EBK,2011,4,1,20,BLRO,3,2 diver
EBK,2011,4,1,20,CORO,7,2 diver
EBK,2011,4,1,20,KEGR,4,2 diver
EBK,2011,4,1,20,STPE,1,2 diver
EBK,2011,1,2,17,CORO,2,2 diver
EBK,2011,1,2,17,YOYBLYE,19,2 diver
EBK,2011,4,2,17,KEPE,2,2 diver
EBK,2011,4,2,17,LING,1,2 diver
EBK,2011,4,2,17,YOYBLYE,13,2 diver
EBK,2011,4,2,17,YOYCOQU,80,2 diver
EBK,2011,1,3,17,KEGR,5,2 diver
EBK,2011,1,3,17,SHPE,37,2 diver
EBK,2011,7,3,17,KEGR,6,2 diver
EBK,2011,7,3,17,KEPE,3,2 diver
EBK,2011,7,3,17,PIPE,2,2 diver
EBK,2011,7,3,17,STPE,1,2 diver
EBK,2011,7,3,17,TUBE,25,2 diver
EBK,2011,7,3,17,YOYBLYE,1,2 diver
EBK,2011,1,4,18,CORO,1,2 diver
EBK,2011,1,4,18,KEGR,9,2 diver
EBK,2011,1,4,18,STPE,1,2 diver
EBK,2011,1,4,18,YOYCOQU,21,2 diver
EBK,2011,1,4,18,YOYBLYE,24,2 diver
EBK,2011,7,4,18,KEGR,4,2 diver
EBK,2011,7,4,18,KEPE,3,2 diver
EBK,2011,7,4,18,PIPE,4,2 diver
EBK,2011,7,4,18,STPE,1,2 diver
EBK,2011,7,4,18,YOYCOQU,9,2 diver
EBK,2011,7,4,18,YOYBLYE,15,2 diver
HIK,2011,7,1,25,KEGR,4,2 diver
HIK,2011,7,1,25,KEPE,2,2 diver
HIK,2011,7,1,25,PIPE,2,2 diver
HIK,2011,7,1,25,YOYBLYE,1,2 diver
HIK,2011,4,1,25,CORO,4,2 diver
HIK,2011,4,1,25,KEGR,4,2 diver
HIK,2011,4,1,25,KEPE,4,2 diver
HIK,2011,4,1,25,PIPE,2,2 diver
HIK,2011,4,1,25,SHPE,3,2 diver
HIK,2011,7,2,21,CORO,1,2 diver
HIK,2011,7,2,21,KEPE,2,2 diver
HIK,2011,7,2,21,YOYBLYE,2,2 diver
HIK,2011,4,2,21,CORO,4,2 diver
HIK,2011,4,2,21,KEGR,1,2 diver
HIK,2011,4,2,21,KEPE,3,2 diver
HIK,2011,4,2,21,YOYBLYE,9,2 diver
HIK,2011,7,3,19,KEPE,14,2 diver
HIK,2011,7,3,19,PIPE,1,2 diver
HIK,2011,7,3,19,SHPE,9,2 diver
HIK,2011,7,3,19,STPE,1,2 diver
HIK,2011,7,3,19,YOYBLYE,4,2 diver
HIK,2011,4,3,19,KEGR,3,2 diver
HIK,2011,4,3,19,PIPE,5,2 diver
HIK,2011,4,3,19,SHPE,3,2 diver
HIK,2011,4,3,19,YOYBLYE,5,2 diver
HIK,2011,7,4,23,CORO,1,2 diver
HIK,2011,7,4,23,KEGR,2,2 diver
HIK,2011,7,4,23,KEPE,1,2 diver
HIK,2011,7,4,23,SHPE,100,2 diver
HIK,2011,7,4,23,TUBE,17,2 diver
HIK,2011,7,4,23,YOYBLYE,21,2 diver
HIK,2011,4,4,23,CORO,1,2 diver
HIK,2011,4,4,23,KEGR,3,2 diver
HIK,2011,4,4,23,KEPE,5,2 diver
HIK,2011,4,4,23,SHPE,158,2 diver
HIK,2011,4,4,23,TUBE,255,2 diver
HIK,2011,4,4,23,YOYBLYE,35,2 diver
IHK,2011,1,1,30,CORO,1,2 diver
IHK,2011,7,1,30,CORO,2,2 diver
IHK,2011,7,1,30,YOYCOQU,6,2 diver
IHK,2011,1,2,25,CORO,1,2 diver
IHK,2011,1,2,25,KEGR,6,2 diver
IHK,2011,1,2,25,PAGR,1,2 diver
IHK,2011,1,2,25,PIPE,1,2 diver
IHK,2011,1,2,25,STPE,2,2 diver
IHK,2011,1,2,25,YOYBLYE,1,2 diver
IHK,2011,7,2,25,CORO,2,2 diver
IHK,2011,7,2,25,KEGR,2,2 diver
IHK,2011,7,2,25,KEPE,2,2 diver
IHK,2011,7,2,25,PAGR,1,2 diver
IHK,2011,7,2,25,PIPE,1,2 diver
IHK,2011,7,2,25,YOYCOQU,1,2 diver
IHK,2011,7,3,30,BLRO,30,2 diver
IHK,2011,7,3,30,CORO,5,2 diver
IHK,2011,4,3,30,BLRO,2,2 diver
IHK,2011,4,3,30,CORO,6,2 diver
IHK,2011,4,3,30,KEGR,2,2 diver
IHK,2011,4,3,30,KEPE,1,2 diver
IHK,2011,4,3,30,STPE,1,2 diver
IHK,2011,7,4,31,BLRO,1,2 diver
IHK,2011,7,4,31,CORO,2,2 diver
IHK,2011,7,4,31,KEGR,3,2 diver
IHK,2011,7,4,31,STPE,2,2 diver
IHK,2011,4,4,31,CORO,4,2 diver
IHK,2011,4,4,31,KEGR,4,2 diver
IHK,2011,4,4,31,YOYBLYE,1,2 diver
TK  ,2011,1,1,18,BLRO,2,2 diver
TK  ,2011,1,1,18,CORO,2,2 diver
TK  ,2011,1,1,18,KEGR,6,2 diver
TK  ,2011,1,1,18,KEPE,12,2 diver
TK  ,2011,1,1,18,PIPE,1,2 diver
TK  ,2011,1,1,18,TUBE,31,2 diver
TK  ,2011,1,1,18,YOYCOQU,19,2 diver
TK  ,2011,1,1,18,YOYBLYE,4,2 diver
TK  ,2011,4,1,18,BLRO,14,2 diver
TK  ,2011,4,1,18,CORO,2,2 diver
TK  ,2011,4,1,18,KEGR,10,2 diver
TK  ,2011,4,1,18,KEPE,2,2 diver
TK  ,2011,4,1,18,PIPE,18,2 diver
TK  ,2011,4,1,18,SHPE,2,2 diver
TK  ,2011,4,1,18,STPE,1,2 diver
TK  ,2011,4,1,18,YOYCOQU,3,2 diver
TK  ,2011,1,2,24,BLRO,1,2 diver
TK  ,2011,1,2,24,KEGR,3,2 diver
TK  ,2011,1,2,24,YOYCOQU,9,2 diver
TK  ,2011,1,2,24,PIPE,2,2 diver
TK  ,2011,4,2,24,BLRO,10,2 diver
TK  ,2011,4,2,24,CORO,3,2 diver
TK  ,2011,4,2,24,KEGR,3,2 diver
TK  ,2011,4,2,24,PIPE,2,2 diver
TK  ,2011,4,2,24,SHPE,1,2 diver
TK  ,2011,4,2,24,YOYCOQU,46,2 diver
TK  ,2011,1,3,17,BLRO,8,2 diver
TK  ,2011,1,3,17,CORO,2,2 diver
TK  ,2011,1,3,17,PIPE,2,2 diver
TK  ,2011,1,3,17,YOYBLYE,11,2 diver
TK  ,2011,7,3,17,BLRO,10,2 diver
TK  ,2011,7,3,17,CORO,1,2 diver
TK  ,2011,7,3,17,KEGR,3,2 diver
TK  ,2011,7,3,17,PIPE,3,2 diver
TK  ,2011,7,3,17,TUBE,53,2 diver
TK  ,2011,7,3,17,YOYBLYE,5,2 diver
TK  ,2011,1,4,20,CORO,4,2 diver
TK  ,2011,1,4,20,KEPE,1,2 diver
TK  ,2011,1,4,20,PIPE,2,2 diver
TK  ,2011,1,4,20,STPE,1,2 diver
TK  ,2011,1,4,20,YOYBLYE,5,2 diver
TK  ,2011,7,4,20,BLRO,3,2 diver
TK  ,2011,7,4,20,CORO,3,2 diver
TK  ,2011,7,4,20,KEGR,3,2 diver
TK  ,2011,7,4,20,PIPE,3,2 diver
TK  ,2011,7,4,20,STPE,1,2 diver
TK  ,2011,7,4,20,YOYBLYE,6,2 diver
TK  ,2011,7,4,20,YOYCOQU,1,2 diver
EBK,2012,7,1,23,CORO,4,2 diver
EBK,2012,7,1,23,KEGR,1,2 diver
EBK,2012,7,1,23,BLRO,14,2 diver
EBK,2012,7,1,23,STPE,1,2 diver
EBK,2012,7,1,23,YOYBLYE,1,2 diver
EBK,2012,7,1,23,KEPE,1,2 diver
EBK,2012,9,1,23,CORO,4,2 diver
EBK,2012,9,1,23,LING,1,2 diver
EBK,2012,9,1,23,BLRO,1,2 diver
EBK,2012,9,1,23,STPE,1,2 diver
EBK,2012,7,2,27,BLRO,2,2 diver
EBK,2012,7,2,27,CORO,4,2 diver
EBK,2012,7,2,27,KEPE,1,2 diver
EBK,2012,7,2,27,TUBE,2,2 diver
EBK,2012,9,2,27,BLRO,1,2 diver
EBK,2012,9,2,27,CORO,2,2 diver
EBK,2012,8,3,28,CORO,2,2 diver
EBK,2012,8,3,28,BLRO,7,2 diver
EBK,2012,7,3,28,CORO,1,2 diver
EBK,2012,7,3,28,BLRO,4,2 diver
EBK,2012,7,3,28,KEPE,1,2 diver
EBK,2012,7,3,28,YOYBLYE,4,2 diver
EBK,2012,7,3,28,PIPE,1,2 diver
EBK,2012,8,4,27,CORO,2,2 diver
EBK,2012,8,4,27,KEGR,1,2 diver
EBK,2012,8,4,27,BLRO,3,2 diver
EBK,2012,8,4,27,KEPE,2,2 diver
EBK,2012,8,4,27,PIPE,2,2 diver
EBK,2012,8,4,27,QURO,2,2 diver
EBK,2012,7,4,27,CORO,3,2 diver
EBK,2012,7,4,27,YOYCOQU,2,2 diver
EBK,2012,7,4,27,KEGR,1,2 diver
EBK,2012,7,4,27,STPE,1,2 diver
EBK,2012,7,4,27,LING,1,2 diver
HIK,2012,7,5,27,CORO,1,2 diver
HIK,2012,7,5,27,KEPE,8,2 diver
HIK,2012,7,5,27,YOYBLYE,1,2 diver
HIK,2012,7,5,27,SHPE,5,2 diver
HIK,2012,5,5,27,CORO,3,2 diver
HIK,2012,5,5,27,KEPE,1,2 diver
HIK,2012,5,5,27,YOYBLYE,25,2 diver
HIK,2012,7,6,27,CORO,2,2 diver
HIK,2012,7,6,27,KEPE,5,2 diver
HIK,2012,7,6,27,YOYBLYE,1,2 diver
HIK,2012,7,6,27,SHPE,3,2 diver
HIK,2012,7,6,27,PIPE,2,2 diver
HIK,2012,7,6,27,STPE,1,2 diver
HIK,2012,5,6,27,CORO,3,2 diver
HIK,2012,5,6,27,KEGR,1,2 diver
HIK,2012,5,6,27,YOYBLYE,1,2 diver
HIK,2012,5,6,27,STPE,1,2 diver
HIK,2012,8,7,28,CORO,1,2 diver
HIK,2012,8,7,28,KEGR,2,2 diver
HIK,2012,8,7,28,KEPE,44,2 diver
HIK,2012,8,7,28,PIPE,1,2 diver
HIK,2012,7,7,28,CORO,4,2 diver
HIK,2012,7,7,28,KEGR,1,2 diver
HIK,2012,7,7,28,BLRO,1,2 diver
HIK,2012,7,7,28,KEPE,63,2 diver
HIK,2012,7,7,28,SHPE,9,2 diver
HIK,2012,8,8,29,CORO,1,2 diver
HIK,2012,8,8,29,BLRO,5,2 diver
HIK,2012,8,8,29,KEGR,1,2 diver
HIK,2012,8,8,29,KEPE,10,2 diver
HIK,2012,7,8,29,CORO,5,2 diver
HIK,2012,7,8,29,BLRO,3,2 diver
HIK,2012,7,8,29,KEGR,1,2 diver
HIK,2012,7,8,29,KEPE,58,2 diver
IHK,2012,9,7,28,KEPE,62,2 diver
IHK,2012,9,7,28,KEGR,2,2 diver
IHK,2012,8,8,28,CORO,1,2 diver
IHK,2012,8,8,28,BLRO,8,2 diver
IHK,2012,9,8,28,CORO,6,2 diver
IHK,2012,9,8,28,KEGR,1,2 diver
IHK,2012,9,8,28,BLRO,39,2 diver
IHK,2012,8,9,23,KEPE,9,2 diver
IHK,2012,8,9,23,KEGR,1,2 diver
IHK,2012,8,9,23,TUBE,100,2 diver
IHK,2012,9,9,23,KEPE,1,2 diver
IHK,2012,9,9,23,KEGR,2,2 diver
IHK,2012,9,9,23,TUBE,65,2 diver
IHK,2012,8,10,24,KEGR,2,2 diver
IHK,2012,9,10,24,KEPE,9,2 diver
IHK,2012,9,10,24,KEGR,2,2 diver
IHK,2012,9,10,24,TUBE,14,2 diver
TK  ,2012,7,1,17,BLRO,2,2 diver
TK  ,2012,7,1,17,KEPE,5,2 diver
TK  ,2012,7,1,17,CORO,2,2 diver
TK  ,2012,7,1,17,YOYBLYE,1,2 diver
TK  ,2012,7,1,17,YOYCOQU,1,2 diver
TK  ,2012,7,1,17,PIPE,3,2 diver
TK  ,2012,5,1,17,BLRO,2,2 diver
TK  ,2012,5,1,17,CORO,3,2 diver
TK  ,2012,5,1,17,YOYCOQU,3,2 diver
TK  ,2012,5,1,17,KEPE,1,2 diver
TK  ,2012,5,1,17,KEGR,1,2 diver
TK  ,2012,5,1,17,STPE,1,2 diver
TK  ,2012,7,2,21,BLRO,2,2 diver
TK  ,2012,7,2,21,CORO,4,2 diver
TK  ,2012,7,2,21,SHPE,2,2 diver
TK  ,2012,7,2,21,KEPE,2,2 diver
TK  ,2012,7,2,21,YOYCOQU,1,2 diver
TK  ,2012,5,2,21,BLRO,4,2 diver
TK  ,2012,5,2,21,CORO,2,2 diver
TK  ,2012,5,2,21,YOYBLYE,3,2 diver
TK  ,2012,5,2,21,KEPE,1,2 diver
TK  ,2012,7,3,19,KEPE,4,2 diver
TK  ,2012,7,3,19,CORO,3,2 diver
TK  ,2012,7,3,19,STPE,1,2 diver
TK  ,2012,7,3,19,PIPE,1,2 diver
TK  ,2012,9,3,19,CORO,2,2 diver
TK  ,2012,9,3,19,PIPE,2,2 diver
TK  ,2012,9,3,19,YOYCOQU,8,2 diver
TK  ,2012,9,3,19,SHPE,1,2 diver
TK  ,2012,9,3,19,KEPE,1,2 diver
TK  ,2012,7,4,18,YOYCOQU,3,2 diver
TK  ,2012,7,4,18,SHPE,2,2 diver
TK  ,2012,7,4,18,BLRO,12,2 diver
TK  ,2012,7,4,18,CORO,3,2 diver
TK  ,2012,7,4,18,KEPE,3,2 diver
TK  ,2012,9,4,18,YOYCOQU,3,2 diver
TK  ,2012,9,4,18,PIPE,2,2 diver
TK  ,2012,9,4,18,KEGR,3,2 diver
TK  ,2012,9,4,18,BLRO,7,2 diver
DK,2013,9,1,24,CORO,1,1 diver
DK,2013,9,1,24,KEGR,3,1 diver
DK,2013,9,1,24,KEPE,1,1 diver
DK,2013,9,2,26,CORO,11,1 diver
DK,2013,9,2,26,KEPE,7,1 diver
DK,2013,9,2,26,KEGR,6,1 diver
DK,2013,9,2,26,YOYBLYE,2,1 diver
DK,2013,9,2,26,BLRO,26,1 diver
DK,2013,9,2,26,PIPE,4,1 diver
DK,2013,9,2,26,STPE,5,1 diver
DK,2013,9,2,26,SHPE,100,1 diver
DK,2013,7,5,26,BLRO,4,1 diver
DK,2013,7,5,26,CORO,4,1 diver
DK,2013,7,5,26,KEGR,1,1 diver
DK,2013,7,5,26,KEPE,50,1 diver
DK,2013,7,5,26,PIPE,4,1 diver
DK,2013,7,5,26,STPE,2,1 diver
DK,2013,7,5,26,YOYBLYE,5,1 diver
DK,2013,7,5,26,TUBE,50,1 diver
DK,2013,7,6,28,CORO,7,1 diver
DK,2013,7,6,28,KEGR,2,1 diver
DK,2013,7,6,28,KEPE,46,1 diver
DK,2013,7,6,28,PIPE,12,1 diver
DK,2013,7,6,28,STPE,1,1 diver
DK,2013,7,6,28,YOYBLYE,5,1 diver
EBK,2013,7,1,34,BLRO,55,1 diver
EBK,2013,7,1,34,CORO,3,1 diver
EBK,2013,7,1,34,PIPE,1,1 diver
EBK,2013,7,1,34,STPE,3,1 diver
EBK,2013,7,1,34,LING,1,1 diver
EBK,2013,7,1,34,VERO,2,1 diver
EBK,2013,9,2,30,BLRO,4,1 diver
EBK,2013,9,2,30,CORO,2,1 diver
EBK,2013,9,2,30,KEGR,2,1 diver
EBK,2013,9,2,30,PIPE,6,1 diver
EBK,2013,9,2,30,STPE,1,1 diver
EBK,2013,9,2,30,YOYBLYE,1,1 diver
EBK,2013,9,2,30,KEPE,80,1 diver
EBK,2013,9,3,30,BLRO,2,1 diver
EBK,2013,9,3,30,CORO,6,1 diver
EBK,2013,9,3,30,KEGR,2,1 diver
EBK,2013,9,3,30,STPE,1,1 diver
EBK,2013,9,3,30,YOYBLYE,11,1 diver
EBK,2013,9,4,30,REIL,1,1 diver
EBK,2013,9,4,30,BLRO,3,1 diver
EBK,2013,9,4,30,KEGR,3,1 diver
EBK,2013,9,4,30,KEPE,18,1 diver
EBK,2013,9,4,30,LING,1,1 diver
EBK,2013,9,4,30,QURO,1,1 diver
HIK,2013,7,1,26,CORO,4,1 diver
HIK,2013,7,1,26,BLRO,3,1 diver
HIK,2013,7,1,26,KEGR,1,1 diver
HIK,2013,7,1,26,KEPE,74,1 diver
HIK,2013,7,1,26,PIPE,6,1 diver
HIK,2013,7,1,26,SHPE,10,1 diver
HIK,2013,7,1,26,TUBE,50,1 diver
HIK,2013,7,2,29,CORO,3,1 diver
HIK,2013,7,2,29,BLRO,41,1 diver
HIK,2013,7,2,29,KEGR,4,1 diver
HIK,2013,7,2,29,KEPE,1,1 diver
HIK,2013,7,2,29,PIPE,4,1 diver
HIK,2013,9,3,28,CORO,13,1 diver
HIK,2013,9,3,28,KEGR,4,1 diver
HIK,2013,9,3,28,STPE,1,1 diver
HIK,2013,9,3,28,SHPE,1,1 diver
HIK,2013,9,3,28,PIPE,2,1 diver
HIK,2013,9,3,28,KEPE,6,1 diver
HIK,2013,9,4,32,CORO,6,1 diver
HIK,2013,9,4,32,KEGR,1,1 diver
HIK,2013,9,4,32,YOYBLYE,22,1 diver
HIK,2013,9,4,32,SHPE,7,1 diver
HIK,2013,9,4,32,STPE,1,1 diver
HIK,2013,9,4,32,PIPE,1,1 diver
HIK,2013,9,4,32,KEPE,4,1 diver
IHK,2013,7,1,14,CORO,3,1 diver
IHK,2013,7,1,14,KEGR,12,1 diver
IHK,2013,7,1,14,KEPE,22,1 diver
IHK,2013,7,1,14,PIPE,6,1 diver
IHK,2013,7,1,14,SHPE,3,1 diver
IHK,2013,7,1,14,STPE,1,1 diver
IHK,2013,7,2,17,BLRO,26,1 diver
IHK,2013,7,2,17,CORO,13,1 diver
IHK,2013,7,2,17,KEGR,6,1 diver
IHK,2013,7,2,17,KEPE,25,1 diver
IHK,2013,7,2,17,SHPE,152,1 diver
IHK,2013,7,2,17,PIPE,7,1 diver
IHK,2013,7,2,17,STPE,2,1 diver
IHK,2013,7,2,17,PAGR,1,1 diver
IHK,2013,9,3,24,CORO,7,1 diver
IHK,2013,9,3,24,KEGR,8,1 diver
IHK,2013,9,3,24,KEPE,14,1 diver
IHK,2013,9,3,24,PIPE,8,1 diver
IHK,2013,9,3,24,SHPE,4,1 diver
IHK,2013,9,3,24,STPE,4,1 diver
IHK,2013,9,3,24,TUBE,100,1 diver
IHK,2013,9,4,28,KEGR,1,1 diver
IHK,2013,9,4,28,KEPE,10,1 diver
IHK,2013,9,4,28,TUBE,80,1 diver
NEK,2013,7,1,24,CORO,5,1 diver
NEK,2013,7,1,24,KEGR,8,1 diver
NEK,2013,7,1,24,KEPE,117,1 diver
NEK,2013,7,1,24,STPE,4,1 diver
NEK,2013,7,1,24,PIPE,12,1 diver
NEK,2013,7,1,24,SHPE,5,1 diver
NEK,2013,7,2,22,KEPE,60,1 diver
NEK,2013,7,2,22,SHPE,103,1 diver
NEK,2013,7,2,22,KEGR,2,1 diver
NEK,2013,7,2,22,CORO,7,1 diver
NEK,2013,7,2,22,STPE,6,1 diver
NEK,2013,7,2,22,PIPE,2,1 diver
NEK,2013,7,2,22,YOYBLYE,1,1 diver
NEK,2013,9,3,17,KEPE,29,1 diver
NEK,2013,9,3,17,PIPE,17,1 diver
NEK,2013,9,3,17,STPE,4,1 diver
NEK,2013,9,3,17,CORO,5,1 diver
NEK,2013,9,3,17,KEGR,2,1 diver
NEK,2013,9,4,28,CORO,6,1 diver
NEK,2013,9,4,28,KEGR,2,1 diver
NEK,2013,9,4,28,KEPE,12,1 diver
NEK,2013,9,4,28,STPE,2,1 diver
TK,2013,7,1,18,CORO,1,1 diver
TK,2013,7,1,18,YOYCOQU,1,1 diver
TK,2013,7,1,18,KEGR,5,1 diver
TK,2013,7,1,18,KEPE,11,1 diver
TK,2013,7,1,18,PIPE,2,1 diver
TK,2013,7,1,18,BLRO,3,1 diver
TK,2013,7,1,18,SHPE,9,1 diver
TK,2013,7,2,20,CORO,6,1 diver
TK,2013,7,2,20,SHPE,2,1 diver
TK,2013,7,2,20,STPE,2,1 diver
TK,2013,7,2,20,BLRO,6,1 diver
TK,2013,7,2,20,PIPE,2,1 diver
TK,2013,7,2,20,KEPE,36,1 diver
TK,2013,7,2,20,TUBE,8,1 diver
TK,2013,9,3,22,CORO,4,1 diver
TK,2013,9,3,22,KEGR,5,1 diver
TK,2013,9,3,22,PIPE,7,1 diver
TK,2013,9,3,22,KEPE,1,1 diver
TK,2013,9,3,22,REIL,1,1 diver
TK,2013,9,3,22,YOYBLYE,4,1 diver
TK,2013,9,4,21,CORO,2,1 diver
TK,2013,9,4,21,BLRO,1,1 diver
TK,2013,9,4,21,KEGR,7,1 diver
TK,2013,9,4,21,SHPE,6,1 diver
TK,2013,9,4,21,PIPE,13,1 diver
TK,2013,9,4,21,KEPE,6,1 diver
TK,2013,9,4,21,YOYBLYE,1,1 diver
TK,2013,9,4,21,CHRO,1,1 diver
HIK,2014,7,1,21,BLRO,1,1 diver
HIK,2014,7,1,21,CORO,24,1 diver
HIK,2014,7,1,21,KEGR,2,1 diver
HIK,2014,7,1,21,KEPE,3,1 diver
HIK,2014,7,1,21,PIPE,8,1 diver
HIK,2014,7,1,21,YOYBLYE,24,1 diver
HIK,2014,7,1,21,YOYCOQU,1,1 diver
HIK,2014,7,1,21,SHPE,1,1 diver
HIK,2014,7,2,27,BLRO,1,1 diver
HIK,2014,7,2,27,CORO,9,1 diver
HIK,2014,7,2,27,PIPE,6,1 diver
HIK,2014,7,2,27,KEPE,4,1 diver
HIK,2014,7,2,27,YOYBLYE,33,1 diver
HIK,2014,7,3,26,BLRO,24,1 diver
HIK,2014,7,3,26,CORO,9,1 diver
HIK,2014,7,3,26,KEGR,3,1 diver
HIK,2014,7,3,26,PIPE,4,1 diver
HIK,2014,7,3,26,KEPE,15,1 diver
HIK,2014,7,3,26,YOYBLYE,31,1 diver
HIK,2014,7,3,26,YOYCOQU,5,1 diver
HIK,2014,7,3,26,TUBE,100,1 diver
HIK,2014,7,4,30,CORO,3,1 diver
HIK,2014,7,4,30,KEGR,2,1 diver
HIK,2014,7,4,30,KEPE,5,1 diver
HIK,2014,7,4,30,STPE,1,1 diver
HIK,2014,7,4,30,PIPE,3,1 diver
HIK,2014,7,4,30,YOYBLYE,32,1 diver
HIK,2014,7,4,30,YOYCOQU,8,1 diver
NEK,2014,6,1,31,BLRO,1,1 diver
NEK,2014,6,1,31,CORO,14,1 diver
NEK,2014,6,1,31,PIPE,2,1 diver
NEK,2014,6,1,31,KEPE,1,1 diver
NEK,2014,6,1,31,YOYBLYE,3,1 diver
NEK,2014,6,1,31,SHPE,83,1 diver
NEK,2014,7,2,22,BLRO,1,1 diver
NEK,2014,7,2,22,CORO,10,1 diver
NEK,2014,7,2,22,KEGR,2,1 diver
NEK,2014,7,2,22,KEPE,16,1 diver
NEK,2014,7,2,22,YOYBLYE,4,1 diver
NEK,2014,7,2,22,TUBE,200,1 diver
NEK,2014,6,3,23,CORO,29,1 diver
NEK,2014,6,3,23,KEPE,72,1 diver
NEK,2014,6,3,23,KEGR,1,1 diver
NEK,2014,6,3,23,YOYBLYE,31,1 diver
NEK,2014,6,3,23,PIPE,2,1 diver
NEK,2014,6,3,23,STPE,2,1 diver
NEK,2014,7,4,24,CORO,14,1 diver
NEK,2014,7,4,24,KEPE,31,1 diver
NEK,2014,7,4,24,KEGR,4,1 diver
NEK,2014,7,4,24,YOYBLYE,34,1 diver
NEK,2014,7,4,24,PIPE,3,1 diver
NEK,2014,7,4,24,STPE,4,1 diver
NEK,2014,7,4,24,YOYCOQU,1,1 diver
IHK,2014,7,1,19,PIPE,13,1 diver
IHK,2014,7,1,19,KEPE,6,1 diver
IHK,2014,7,1,19,YOYCOQU,2,1 diver
IHK,2014,7,1,19,KEGR,5,1 diver
IHK,2014,7,2,20,CORO,3,1 diver
IHK,2014,7,2,20,KEGR,1,1 diver
IHK,2014,7,2,20,BLRO,7,1 diver
IHK,2014,7,3,18,CORO,8,1 diver
IHK,2014,7,3,18,KEGR,6,1 diver
IHK,2014,7,3,18,KEPE,80,1 diver
IHK,2014,7,3,18,PIPE,5,1 diver
IHK,2014,7,3,18,YOYCOQU,2,1 diver
IHK,2014,7,3,18,YOYBLYE,1,1 diver
IHK,2014,7,3,18,STPE,4,1 diver
IHK,2014,7,3,18,SHPE,20,1 diver
IHK,2014,6,4,31,KEGR,3,1 diver
IHK,2014,6,4,31,YOYBLYE,100,1 diver
IHK,2014,6,4,31,CORO,6,1 diver
DK,2014,7,1,22,PIPE,3,1 diver
DK,2014,7,1,22,CORO,11,1 diver
DK,2014,7,1,22,KEGR,3,1 diver
DK,2014,7,1,22,YOYBLYE,41,1 diver
DK,2014,7,1,22,YOYCOQU,3,1 diver
DK,2014,7,1,22,BLRO,11,1 diver
DK,2014,7,1,22,LING,1,1 diver
DK,2014,7,2,27,KEGR,2,1 diver
DK,2014,7,2,27,CORO,1,1 diver
DK,2014,7,2,27,YOYBLYE,70,1 diver
DK,2014,7,3,25,BLRO,3,1 diver
DK,2014,7,3,25,KEPE,15,1 diver
DK,2014,7,3,25,YOYBLYE,9,1 diver
DK,2014,7,3,25,YOYCOQU,1,1 diver
DK,2014,7,3,25,CORO,3,1 diver
DK,2014,7,3,25,PIPE,3,1 diver
DK,2014,7,3,25,STPE,3,1 diver
DK,2014,7,3,25,SHPE,1,1 diver
DK,2014,7,3,25,KEGR,1,1 diver
DK,2014,6,4,19,CORO,7,1 diver
DK,2014,6,4,19,KEGR,1,1 diver
DK,2014,6,4,19,STPE,1,1 diver
DK,2014,6,4,19,YOYBLYE,3,1 diver
DK,2014,6,4,19,YOYCOQU,1,1 diver
DK,2014,6,4,19,PIPE,8,1 diver
EBK,2014,7,1,26,BLRO,40,1 diver
EBK,2014,7,1,26,CORO,6,1 diver
EBK,2014,7,1,26,KEPE,2,1 diver
EBK,2014,7,1,26,KEGR,1,1 diver
EBK,2014,7,1,26,LING,1,1 diver
EBK,2014,7,2,27,BLRO,9,1 diver
EBK,2014,7,2,27,CORO,1,1 diver
EBK,2014,7,2,27,KEGR,2,1 diver
EBK,2014,7,2,27,KEPE,16,1 diver
EBK,2014,7,2,27,PIPE,1,1 diver
EBK,2014,7,2,27,STPE,1,1 diver
EBK,2014,7,2,27,YOYCOQU,10,1 diver
EBK,2014,7,3,26,CORO,2,1 diver
EBK,2014,7,3,26,KEPE,16,1 diver
EBK,2014,7,3,26,PIPE,1,1 diver
EBK,2014,7,3,26,YOYBLYE,20,1 diver
EBK,2014,7,3,26,YOYCOQU,19,1 diver
EBK,2014,7,3,26,TUBE,150,1 diver
EBK,2014,7,4,29,KEGR,3,1 diver
EBK,2014,7,4,29,KEPE,3,1 diver
EBK,2014,7,4,29,PIPE,2,1 diver
EBK,2014,7,4,29,YOYCOQU,35,1 diver
EBK,2014,7,4,29,YOYBLYE,51,1 diver
EBK,2014,7,4,29,TUBE,9,1 diver
EBK,2014,7,4,29,CARO,1,1 diver
TK,2014,7,1,19,BLRO,23,1 diver
TK,2014,7,1,19,CORO,10,1 diver
TK,2014,7,1,19,KEGR,3,1 diver
TK,2014,7,1,19,PIPE,5,1 diver
TK,2014,7,1,19,KEPE,33,1 diver
TK,2014,7,1,19,STPE,3,1 diver
TK,2014,7,1,19,YOYBLYE,4,1 diver
TK,2014,7,1,19,YOYCOQU,11,1 diver
TK,2014,7,1,19,SHPE,150,1 diver
TK,2014,7,2,19,CORO,6,1 diver
TK,2014,7,2,19,KEGR,1,1 diver
TK,2014,7,2,19,PIPE,4,1 diver
TK,2014,7,2,19,KEPE,31,1 diver
TK,2014,7,2,19,STPE,3,1 diver
TK,2014,7,2,19,YOYBLYE,6,1 diver
TK,2014,7,2,19,YOYCOQU,15,1 diver
TK,2014,7,2,19,SHPE,4,1 diver
TK,2014,7,2,19,TUBE,1,1 diver
TK,2014,7,5,17,CORO,9,1 diver
TK,2014,7,5,17,KEPE,78,1 diver
TK,2014,7,5,17,PIPE,14,1 diver
TK,2014,7,5,17,BLRO,34,1 diver
TK,2014,7,5,17,KEGR,3,1 diver
TK,2014,7,5,17,YOYBLYE,1,1 diver
TK,2014,7,5,17,SHPE,150,1 diver
TK,2014,7,5,17,YOYCOQU,3,1 diver
TK,2014,7,5,17,STPE,8,1 diver
TK,2014,7,6,18,BLRO,28,1 diver
TK,2014,7,6,18,CORO,8,1 diver
TK,2014,7,6,18,KEGR,3,1 diver
TK,2014,7,6,18,KEPE,34,1 diver
TK,2014,7,6,18,PIPE,12,1 diver
TK,2014,7,6,18,STPE,3,1 diver
TK,2014,7,6,18,YOYBLYE,17,1 diver
TK,2014,7,6,18,YOYCOQU,15,1 diver
TK,2014,7,6,18,QURO,1,1 diver
TK,2014,7,6,18,SHPE,3,1 diver
TK,2014,7,6,18,PAGR,1,1 diver
HIK,2015,7,1,30,KEPE,3,1 diver
HIK,2015,7,1,30,YOYBLYE,1,1 diver
HIK,2015,7,1,30,PIPE,2,1 diver
HIK,2015,7,1,30,STPE,2,1 diver
HIK,2015,7,2,27,STPE,1,1 diver
HIK,2015,7,2,27,PIPE,11,1 diver
HIK,2015,7,2,27,KEPE,16,1 diver
HIK,2015,7,2,27,KEGR,1,1 diver
HIK,2015,7,2,27,CORO,4,1 diver
HIK,2015,7,2,27,SHPE,30,1 diver
HIK,2015,7,4,28,BLRO,5,1 diver
HIK,2015,7,4,28,CORO,7,1 diver
HIK,2015,7,4,28,KEPE,13,1 diver
HIK,2015,7,4,28,PIPE,37,1 diver
HIK,2015,7,4,28,STPE,1,1 diver
HIK,2015,7,4,28,YOYBLYE,1,1 diver
HIK,2015,7,4,28,YOYCOQU,1,1 diver
HIK,2015,7,5,31,CORO,4,1 diver
HIK,2015,7,5,31,KEGR,3,1 diver
HIK,2015,7,5,31,KEPE,6,1 diver
HIK,2015,7,5,31,PIPE,3,1 diver
HIK,2015,7,5,31,YOYBLYE,9,1 diver
NEK,2015,7,1,29,CORO,18,1 diver
NEK,2015,7,1,29,KEGR,4,1 diver
NEK,2015,7,1,29,KEPE,149,1 diver
NEK,2015,7,1,29,PIPE,43,1 diver
NEK,2015,7,1,29,SHPE,255,1 diver
NEK,2015,7,1,29,STPE,10,1 diver
NEK,2015,7,1,29,YOYBLYE,2,1 diver
NEK,2015,7,1,29,YOYCOQU,13,1 diver
NEK,2015,7,1,29,GUSC,1,1 diver
NEK,2015,7,2,28,BLRO,1,1 diver
NEK,2015,7,2,28,CORO,15,1 diver
NEK,2015,7,2,28,KEPE,18,1 diver
NEK,2015,7,2,28,PIPE,7,1 diver
NEK,2015,7,2,28,SHPE,4,1 diver
NEK,2015,7,2,28,STPE,13,1 diver
NEK,2015,7,2,28,YOYBLYE,2,1 diver
NEK,2015,7,2,28,YOYCOQU,40,1 diver
TK,2015,7,1,21,CORO,8,1 diver
TK,2015,7,1,21,YOYCOQU,6,1 diver
TK,2015,7,1,21,BLRO,31,1 diver
TK,2015,7,1,21,YOYBLYE,8,1 diver
TK,2015,7,1,21,KEPE,38,1 diver
TK,2015,7,1,21,PIPE,24,1 diver
TK,2015,7,1,21,STPE,11,1 diver
TK,2015,7,1,21,SHPE,10,1 diver
TK,2015,7,1,21,KEGR,1,1 diver
TK,2015,7,1,21,YERO,3,1 diver
TK,2015,7,1,21,QURO,2,1 diver
TK,2015,7,2,23,CORO,21,1 diver
TK,2015,7,2,23,YOYCOQU,3,1 diver
TK,2015,7,2,23,BLRO,29,1 diver
TK,2015,7,2,23,YOYBLYE,10,1 diver
TK,2015,7,2,23,KEPE,39,1 diver
TK,2015,7,2,23,PIPE,28,1 diver
TK,2015,7,2,23,STPE,18,1 diver
TK,2015,7,2,23,KEGR,1,1 diver
TK,2015,7,4,23,BLRO,6,1 diver
TK,2015,7,4,23,CORO,27,1 diver
TK,2015,7,4,23,KEGR,2,1 diver
TK,2015,7,4,23,KEPE,86,1 diver
TK,2015,7,4,23,PIPE,34,1 diver
TK,2015,7,4,23,STPE,7,1 diver
TK,2015,7,4,23,YOYBLYE,5,1 diver
TK,2015,7,4,23,YOYCOQU,9,1 diver
TK,2015,7,4,23,QURO,2,1 diver
TK,2015,7,4,23,YERO,17,1 diver
TK,2015,7,5,17,CORO,3,1 diver
TK,2015,7,5,17,KEGR,4,1 diver
TK,2015,7,5,17,KEPE,23,1 diver
TK,2015,7,5,17,PIPE,26,1 diver
TK,2015,7,5,17,STPE,11,1 diver
TK,2015,7,5,17,YOYBLYE,3,1 diver
TK,2015,7,5,17,YOYCOQU,16,1 diver
TK,2015,7,5,17,YERO,2,1 diver
TK,2015,7,5,17,PAGR,2,1 diver
IHK,2015,7,1,27,CORO,6,1 diver
IHK,2015,7,1,27,PIPE,2,1 diver
IHK,2015,7,1,27,STPE,2,1 diver
IHK,2015,7,1,27,KEGR,4,1 diver
IHK,2015,7,1,27,BLRO,10,1 diver
IHK,2015,7,1,27,PAGR,1,1 diver
IHK,2015,7,2,26,CORO,4,1 diver
IHK,2015,7,2,26,STPE,2,1 diver
IHK,2015,7,2,26,KEGR,3,1 diver
IHK,2015,7,3,20,KEGR,5,1 diver
IHK,2015,7,4,16,KEGR,5,1 diver
IHK,2015,7,4,16,KEPE,138,1 diver
IHK,2015,7,4,16,PIPE,8,1 diver
IHK,2015,7,4,16,SHPE,1,1 diver
IHK,2015,7,4,16,YOYCOQU,1,1 diver
IHK,2015,7,4,16,YOYBLYE,1,1 diver
NEK,2015,7,4,23,CORO,2,1 diver
NEK,2015,7,4,23,KEGR,3,1 diver
NEK,2015,7,4,23,KEPE,179,1 diver
NEK,2015,7,4,23,PIPE,6,1 diver
NEK,2015,7,4,23,YOYBLYE,1,1 diver
NEK,2015,7,4,23,YOYCOQU,38,1 diver
NEK,2015,7,5,24,CORO,13,1 diver
NEK,2015,7,5,24,KEPE,179,1 diver
NEK,2015,7,5,24,PIPE,15,1 diver
NEK,2015,7,5,24,STPE,9,1 diver
NEK,2015,7,5,24,YOYBLYE,1,1 diver
NEK,2015,7,5,24,YOYCOQU,128,1 diver
EBK,2015,7,1,22,CORO,1,1 diver
EBK,2015,7,1,22,KEGR,2,1 diver
EBK,2015,7,1,22,KEPE,19,1 diver
EBK,2015,7,1,22,PIPE,3,1 diver
EBK,2015,7,1,22,YOYCOQU,27,1 diver
EBK,2015,7,2,18,CORO,5,1 diver
EBK,2015,7,2,18,KEGR,6,1 diver
EBK,2015,7,2,18,STPE,5,1 diver
EBK,2015,7,2,18,REIL,1,1 diver
EBK,2015,7,3,23,BLRO,3,1 diver
EBK,2015,7,3,23,CORO,4,1 diver
EBK,2015,7,3,23,KEGR,8,1 diver
EBK,2015,7,3,23,KEPE,5,1 diver
EBK,2015,7,3,23,PAGR,1,1 diver
EBK,2015,7,3,23,PIPE,5,1 diver
EBK,2015,7,3,23,STPE,19,1 diver
EBK,2015,7,3,23,LING,1,1 diver
EBK,2015,7,4,24,BLRO,1,1 diver
EBK,2015,7,4,24,CORO,3,1 diver
EBK,2015,7,4,24,YOYCOQU,37,1 diver
EBK,2015,7,4,24,KEGR,3,1 diver
EBK,2015,7,4,24,KEPE,49,1 diver
EBK,2015,7,4,24,PIPE,8,1 diver
EBK,2015,7,4,24,STPE,5,1 diver
EBK,2015,7,4,24,LING,1,1 diver
DK,2015,7,1,22,CORO,2,1 diver
DK,2015,7,1,22,KEGR,4,1 diver
DK,2015,7,1,22,KEPE,29,1 diver
DK,2015,7,1,22,PIPE,15,1 diver
DK,2015,7,1,22,STPE,6,1 diver
DK,2015,7,1,22,YOYCOQU,35,1 diver
DK,2015,7,1,22,ROGR,1,1 diver
DK,2015,7,2,28,CORO,2,1 diver
DK,2015,7,2,28,KEGR,3,1 diver
DK,2015,7,2,28,KEPE,18,1 diver
DK,2015,7,2,28,PIPE,1,1 diver
DK,2015,7,2,28,YOYCOQU,97,1 diver
DK,2015,7,3,19,CORO,1,1 diver
DK,2015,7,3,19,KEGR,3,1 diver
DK,2015,7,3,19,KEPE,50,1 diver
DK,2015,7,3,19,PIPE,9,1 diver
DK,2015,7,3,19,YOYCOQU,167,1 diver
DK,2015,7,4,18,CORO,3,1 diver
DK,2015,7,4,18,KEGR,2,1 diver
DK,2015,7,4,18,KEPE,15,1 diver
DK,2015,7,4,18,PIPE,5,1 diver
DK,2015,7,4,18,YOYCOQU,78,1 diver
DK,2015,7,4,18,CABE,1,1 diver
NEK,2016,7,1,33,CORO,16,1 diver
NEK,2016,7,1,33,KEGR,3,1 diver
NEK,2016,7,1,33,KEPE,6,1 diver
NEK,2016,7,1,33,PIPE,8,1 diver
NEK,2016,7,1,33,SHPE,2,1 diver
NEK,2016,7,1,33,STPE,2,1 diver
NEK,2016,7,1,33,YOYBLYE,234,1 diver
NEK,2016,7,1,33,YOYCOQU,1,1 diver
NEK,2016,7,1,33,QURO,1,1 diver
NEK,2016,7,3,28,CORO,18,1 diver
NEK,2016,7,3,28,KEGR,1,1 diver
NEK,2016,7,3,28,KEPE,9,1 diver
NEK,2016,7,3,28,PIPE,2,1 diver
NEK,2016,7,3,28,STPE,5,1 diver
NEK,2016,7,3,28,YOYBLYE,120,1 diver
NEK,2016,7,3,28,YOYCOQU,2,1 diver
NEK,2016,7,3,28,PAGR,1,1 diver
NEK,2016,7,4,22,YOYBLYE,243,1 diver
NEK,2016,7,4,22,CORO,12,1 diver
NEK,2016,7,4,22,KEPE,8,1 diver
NEK,2016,7,4,22,STPE,7,1 diver
NEK,2016,7,4,22,KEGR,1,1 diver
NEK,2016,7,4,22,PIPE,11,1 diver
NEK,2016,7,4,22,CARO,1,1 diver
NEK,2016,7,6,20,CORO,7,1 diver
NEK,2016,7,6,20,KEGR,2,1 diver
NEK,2016,7,6,20,KEPE,14,1 diver
NEK,2016,7,6,20,PAGR,2,1 diver
NEK,2016,7,6,20,PIPE,11,1 diver
NEK,2016,7,6,20,STPE,3,1 diver
NEK,2016,7,6,20,YOYBLYE,94,1 diver
IHK,2016,7,1,22,YOYBLYE,31,1 diver
IHK,2016,7,1,22,STPE,7,1 diver
IHK,2016,7,1,22,CORO,15,1 diver
IHK,2016,7,1,22,KEGR,2,1 diver
IHK,2016,7,1,22,BURO,1,1 diver
IHK,2016,7,1,22,YERO,2,1 diver
IHK,2016,7,1,22,BLRO,4,1 diver
IHK,2016,7,3,24,YOYBLYE,68,1 diver
IHK,2016,7,3,24,CORO,7,1 diver
IHK,2016,7,3,24,STPE,5,1 diver
IHK,2016,7,3,24,KEGR,3,1 diver
IHK,2016,7,3,24,KEPE,6,1 diver
IHK,2016,7,3,24,PIPE,9,1 diver
IHK,2016,7,3,24,VERO,2,1 diver
TK,2016,7,1,20,YOYBLYE,19,1 diver
TK,2016,7,1,20,CORO,16,1 diver
TK,2016,7,1,20,KEGR,3,1 diver
TK,2016,7,1,20,KEPE,5,1 diver
TK,2016,7,1,20,PIPE,10,1 diver
TK,2016,7,1,20,STPE,2,1 diver
TK,2016,7,1,20,YOYCOQU,8,1 diver
TK,2016,7,1,20,BLRO,13,1 diver
TK,2016,7,1,20,SHPE,30,1 diver
TK,2016,7,1,20,YERO,1,1 diver
IHK,2016,7,4,17,YOYBLYE,56,1 diver
IHK,2016,7,4,17,CORO,4,1 diver
IHK,2016,7,4,17,KEGR,1,1 diver
IHK,2016,7,4,17,QURO,1,1 diver
IHK,2016,7,4,17,REIL,1,1 diver
IHK,2016,7,6,18,BLRO,1,1 diver
IHK,2016,7,6,18,CORO,1,1 diver
IHK,2016,7,6,18,KEGR,4,1 diver
IHK,2016,7,6,18,PIPE,1,1 diver
IHK,2016,7,6,18,YOYBLYE,2,1 diver
IHK,2016,7,6,18,PAGR,1,1 diver
TK,2016,7,3,17,YOYBLYE,11,1 diver
TK,2016,7,3,17,CORO,6,1 diver
TK,2016,7,3,17,KEPE,1,1 diver
TK,2016,7,3,17,PIPE,4,1 diver
TK,2016,7,3,17,STPE,1,1 diver
TK,2016,7,3,17,LING,1,1 diver
TK,2016,7,4,20,YOYBLYE,18,1 diver
TK,2016,7,4,20,CORO,7,1 diver
TK,2016,7,4,20,KEPE,24,1 diver
TK,2016,7,4,20,PIPE,3,1 diver
TK,2016,7,4,20,STPE,1,1 diver
TK,2016,7,4,20,LING,1,1 diver
TK,2016,7,4,20,BLRO,2,1 diver
TK,2016,7,6,21,BLRO,1,1 diver
TK,2016,7,6,21,CORO,14,1 diver
TK,2016,7,6,21,KEGR,2,1 diver
TK,2016,7,6,21,YOYBLYE,19,1 diver
TK,2016,7,6,21,PIPE,5,1 diver
TK,2016,7,6,21,STPE,1,1 diver
TK,2016,7,6,21,SHPE,17,1 diver
TK,2016,7,6,21,KEPE,3,1 diver
TK,2016,7,6,21,YOYCOQU,1,1 diver
EBK,2016,7,1,22,BLRO,23,1 diver
EBK,2016,7,1,22,CORO,3,1 diver
EBK,2016,7,1,22,STPE,1,1 diver
EBK,2016,7,1,22,YOYBLYE,100,1 diver
EBK,2016,7,1,22,KEGR,1,1 diver
EBK,2016,7,1,22,QURO,1,1 diver
EBK,2016,7,2,20,CORO,3,1 diver
EBK,2016,7,2,20,KEGR,2,1 diver
EBK,2016,7,2,20,YOYBLYE,3,1 diver
EBK,2016,7,4,18,CORO,5,1 diver
EBK,2016,7,4,18,PIPE,13,1 diver
EBK,2016,7,4,18,STPE,3,1 diver
EBK,2016,7,5,18,STPE,4,1 diver
EBK,2016,7,5,18,PIPE,3,1 diver
EBK,2016,7,5,18,YOYBLYE,2,1 diver
EBK,2016,7,5,18,KEGR,1,1 diver
DK,2016,7,1,20,PAGR,1,1 diver
DK,2016,7,1,20,PIPE,4,1 diver
DK,2016,7,1,20,YOYBLYE,4,1 diver
DK,2016,7,1,20,STPE,1,1 diver
DK,2016,7,3,23,BLRO,1,1 diver
DK,2016,7,3,23,CORO,1,1 diver
DK,2016,7,3,23,KEGR,2,1 diver
DK,2016,7,3,23,YOYBLYE,1,1 diver
DK,2016,7,3,23,PAGR,1,1 diver
DK,2016,7,4,28,KEGR,1,1 diver
DK,2016,7,4,28,PIPE,12,1 diver
DK,2016,7,4,28,STPE,1,1 diver
DK,2016,7,4,28,YOYBLYE,51,1 diver
DK,2016,7,5,25,BLRO,3,1 diver
DK,2016,7,5,25,CORO,6,1 diver
DK,2016,7,5,25,KEGR,1,1 diver
DK,2016,7,5,25,PIPE,11,1 diver
DK,2016,7,5,25,STPE,10,1 diver
DK,2016,7,5,25,YOYBLYE,6,1 diver
DK,2016,7,5,25,YERO,1,1 diver
DK,2016,7,5,25,PAGR,1,1 diver
HIK,2016,7,1,32,YOYBLYE,275,1 diver
HIK,2016,7,1,32,SHPE,10,1 diver
HIK,2016,7,3,33,CORO,4,1 diver
HIK,2016,7,3,33,KEPE,1,1 diver
HIK,2016,7,3,33,PIPE,1,1 diver
HIK,2016,7,3,33,YOYBLYE,196,1 diver
HIK,2016,7,4,37,KEGR,2,1 diver
HIK,2016,7,4,37,YOYBLYE,1,1 diver
HIK,2016,7,4,37,CHRO,1,1 diver
HIK,2016,7,4,37,QURO,1,1 diver
HIK,2016,7,4,37,WOLF,1,1 diver
HIK,2016,7,5,30,CORO,3,1 diver
HIK,2016,7,5,30,KEGR,1,1 diver
HIK,2016,7,5,30,PIPE,1,1 diver
HIK,2016,7,5,30,STPE,14,1 diver
HIK,2016,7,5,30,YOYBLYE,165,1 diver
HIK,2016,7,5,30,PAGR,2,1 diver
